{"cameraMode":{"drawMode":0,"name":"Shaded","section":"Shading Mode"},"sceneLighting":false,"audioPlay":false,"sceneViewState":{"m_AlwaysRefresh":true,"showFog":true,"showSkybox":false,"showFlares":true,"showImageEffects":true,"showParticleSystems":true,"showVisualEffectGraphs":true,"m_FxEnabled":true},"in2DMode":false,"pivot":{"x":-0.2581706643104553,"y":-0.16277405619621278,"z":-2.580045461654663},"rotation":{"x":0.18865907192230225,"y":0.39125680923461916,"z":-0.08230806887149811,"w":0.897004246711731},"size":0.9932001829147339,"orthographic":false}