{"cameraMode":{"drawMode":0,"name":"Shaded","section":"Shading Mode"},"sceneLighting":false,"audioPlay":false,"sceneViewState":{"m_AlwaysRefresh":true,"showFog":true,"showSkybox":false,"showFlares":true,"showImageEffects":true,"showParticleSystems":true,"showVisualEffectGraphs":true,"m_FxEnabled":true},"in2DMode":false,"pivot":{"x":0.014836132526397705,"y":0.00024355202913284302,"z":0.00021252036094665527},"rotation":{"x":0.5040172338485718,"y":0.014504794031381607,"z":-0.008489561267197132,"w":0.8635684251785278},"size":0.20472349226474763,"orthographic":false}