{"cameraMode":{"drawMode":0,"name":"Shaded","section":"Shading Mode"},"sceneLighting":false,"audioPlay":false,"sceneViewState":{"m_AlwaysRefresh":false,"showFog":true,"showSkybox":false,"showFlares":true,"showImageEffects":true,"showParticleSystems":true,"showVisualEffectGraphs":true,"m_FxEnabled":true},"in2DMode":false,"pivot":{"x":458.1700134277344,"y":224.00001525878907,"z":18.950000762939454},"rotation":{"x":-0.003685364965349436,"y":0.9965976476669312,"z":-0.058662399649620059,"w":-0.0595398023724556},"size":1.2562344074249268,"orthographic":false}