{"cameraMode":{"drawMode":0,"name":"Shaded","section":"Shading Mode"},"sceneLighting":false,"audioPlay":false,"sceneViewState":{"m_AlwaysRefresh":true,"showFog":true,"showSkybox":false,"showFlares":true,"showImageEffects":true,"showParticleSystems":true,"showVisualEffectGraphs":true,"m_FxEnabled":true},"in2DMode":false,"pivot":{"x":0.0875222384929657,"y":-0.8978334069252014,"z":-0.015380382537841797},"rotation":{"x":0.5196355581283569,"y":0.057831015437841418,"z":-0.035307206213474277,"w":0.8517358303070068},"size":0.9654799699783325,"orthographic":false}