{"cameraMode":{"drawMode":0,"name":"Shaded","section":"Shading Mode"},"sceneLighting":false,"audioPlay":false,"sceneViewState":{"m_AlwaysRefresh":true,"showFog":true,"showSkybox":false,"showFlares":true,"showImageEffects":true,"showParticleSystems":true,"showVisualEffectGraphs":true,"m_FxEnabled":true},"in2DMode":false,"pivot":{"x":-2.534514904022217,"y":1.3871222734451295,"z":-1.6326102018356324},"rotation":{"x":-0.1993059664964676,"y":0.020880235359072686,"z":0.0042460160329937939,"w":0.9797242879867554},"size":2.664655923843384,"orthographic":false}