{"cameraMode":{"drawMode":0,"name":"Shaded","section":"Shading Mode"},"sceneLighting":false,"audioPlay":false,"sceneViewState":{"m_AlwaysRefresh":true,"showFog":true,"showSkybox":false,"showFlares":true,"showImageEffects":true,"showParticleSystems":true,"showVisualEffectGraphs":true,"m_FxEnabled":true},"in2DMode":false,"pivot":{"x":0.06537842750549317,"y":0.07128790020942688,"z":0.04978823661804199},"rotation":{"x":0.2360462248325348,"y":0.6951829195022583,"z":-0.2619069814682007,"w":0.6265161633491516},"size":1.6627298593521119,"orthographic":false}